{"cameraMode":{"drawMode":0,"name":"Shaded","section":"Shading Mode"},"sceneLighting":true,"audioPlay":false,"sceneViewState":{"m_AlwaysRefresh":false,"showFog":true,"showSkybox":true,"showFlares":true,"showImageEffects":true,"showParticleSystems":true,"showVisualEffectGraphs":true,"m_FxEnabled":true},"in2DMode":false,"pivot":{"x":-225.00436401367188,"y":-144.4472198486328,"z":341.3924560546875},"rotation":{"x":-0.16058968007564546,"y":0.28058937191963198,"z":-0.04767761752009392,"w":-0.9451078772544861},"size":227.32989501953126,"orthographic":false}